id,item,related,confidence,lift
2,baby-needs,bread-and-cake,0.754442649,1.048378401
7,baby-needs,milk-cream,0.701130856,1.103958932
4,baby-needs,fruit,0.683360258,1.067620586
0,baby-needs,baking-needs,0.651050081,1.07755194
1,baby-needs,biscuits,0.633279483,1.125019542
3,baby-needs,frozen-foods,0.613893376,1.045607791
5,baby-needs,juice-sat-cord-ms,0.613893376,1.153481218
8,baby-needs,party-snack-foods,0.578352181,1.148757917
649,baby-needs,"bread-and-cake,milk-cream",0.567043619,1.122921139
648,baby-needs,"bread-and-cake,fruit",0.55088853,1.096562108
646,baby-needs,"baking-needs,bread-and-cake",0.541195477,1.142661011
10,baby-needs,tissues-paper-prd,0.534733441,1.101369946
6,baby-needs,margarine,0.529886914,1.071353525
9,baby-needs,sauces-gravy-pkle,0.52180937,1.096724282
647,baby-needs,"biscuits,bread-and-cake",0.52180937,1.159409292
651,baby-needs,"fruit,milk-cream",0.505654281,1.14833417
650,baby-needs,"bread-and-cake,vegetables",0.500807754,1.008153469
13,bake-off-products,bread-and-cake,0.770462633,1.070639875
21,bake-off-products,vegetables,0.741992883,1.159222923
15,bake-off-products,fruit,0.711743772,1.111964434
17,bake-off-products,milk-cream,0.699288256,1.101057683
14,bake-off-products,frozen-foods,0.635231317,1.081951425
11,bake-off-products,baking-needs,0.613879004,1.01603015
657,bake-off-products,"bread-and-cake,vegetables",0.601423488,1.210698457
12,bake-off-products,biscuits,0.597864769,1.062105384
656,bake-off-products,"bread-and-cake,milk-cream",0.576512456,1.141672354
660,bake-off-products,"fruit,vegetables",0.572953737,1.200944262
655,bake-off-products,"bread-and-cake,fruit",0.571174377,1.136941768
16,bake-off-products,juice-sat-cord-ms,0.565836299,1.063183883
18,bake-off-products,party-snack-foods,0.539145907,1.070884057
661,bake-off-products,"milk-cream,vegetables",0.53202847,1.215389482
654,bake-off-products,"bread-and-cake,frozen-foods",0.523131673,1.13722139
19,bake-off-products,sauces-gravy-pkle,0.516014235,1.08454423
20,bake-off-products,tissues-paper-prd,0.508896797,1.048155202
653,bake-off-products,"biscuits,bread-and-cake",0.508896797,1.13071882
658,bake-off-products,"frozen-foods,vegetables",0.508896797,1.250880225
652,bake-off-products,"baking-needs,bread-and-cake",0.507117438,1.070709843
659,bake-off-products,"fruit,milk-cream",0.505338078,1.147616078
27,baking-needs,bread-and-cake,0.783899821,1.089312278
82,baking-needs,vegetables,0.697316637,1.089424776
59,baking-needs,milk-cream,0.682289803,1.07429293
48,baking-needs,fruit,0.679785331,1.062035441
46,baking-needs,frozen-foods,0.656529517,1.118227373
25,baking-needs,biscuits,0.631127013,1.121195684
57,baking-needs,margarine,0.588550984,1.189963659
53,baking-needs,juice-sat-cord-ms,0.579248658,1.088385172
730,baking-needs,"bread-and-cake,vegetables",0.56744186,1.142291578
712,baking-needs,"bread-and-cake,milk-cream",0.56529517,1.119458671
80,baking-needs,tissues-paper-prd,0.562790698,1.1591584
703,baking-needs,"bread-and-cake,fruit",0.559570662,1.113844183
61,baking-needs,party-snack-foods,0.547406082,1.087290913
72,baking-needs,sauces-gravy-pkle,0.544186047,1.143754953
783,baking-needs,"fruit,vegetables",0.53273703,1.116647713
701,baking-needs,"bread-and-cake,frozen-foods",0.531305903,1.154991123
673,baking-needs,"biscuits,bread-and-cake",0.520930233,1.157455935
85,beef,bread-and-cake,0.790109258,1.097940952
98,beef,vegetables,0.740655549,1.157133594
86,beef,frozen-foods,0.687176538,1.170426607
87,beef,fruit,0.68200115,1.065497238
91,beef,milk-cream,0.671650374,1.057540718
22,beef,baking-needs,0.664174813,1.099274664
84,beef,biscuits,0.612420932,1.087964374
818,beef,"bread-and-cake,vegetables",0.610695802,1.229364134
816,beef,"bread-and-cake,fruit",0.571592869,1.137774791
820,beef,"fruit,vegetables",0.566992524,1.188449215
90,beef,margarine,0.566417481,1.145212967
815,beef,"bread-and-cake,frozen-foods",0.564692352,1.227568994
817,beef,"bread-and-cake,milk-cream",0.562967223,1.114848618
88,beef,juice-sat-cord-ms,0.561242093,1.054551553
97,beef,tissues-paper-prd,0.560092007,1.153600011
662,beef,"baking-needs,bread-and-cake",0.552616446,1.166774843
95,beef,sauces-gravy-pkle,0.546290972,1.148179026
819,beef,"frozen-foods,vegetables",0.529614721,1.301805367
92,beef,party-snack-foods,0.527889592,1.048526085
821,beef,"milk-cream,vegetables",0.525589419,1.200679829
663,beef,"baking-needs,vegetables",0.525014376,1.246134686
814,beef,"biscuits,bread-and-cake",0.519263945,1.153753606
23,beverages-hot,baking-needs,0.76043956,1.258602292
100,beverages-hot,bread-and-cake,0.745054945,1.035333186
104,beverages-hot,juice-sat-cord-ms,0.714285714,1.342114425
99,beverages-hot,biscuits,0.696703297,1.237691801
102,beverages-hot,frozen-foods,0.694505495,1.182909579
103,beverages-hot,fruit,0.683516484,1.067864658
106,beverages-hot,milk-cream,0.67032967,1.055461217
107,beverages-hot,party-snack-foods,0.650549451,1.29216048
105,beverages-hot,margarine,0.646153846,1.306428187
109,beverages-hot,tissues-paper-prd,0.621978022,1.281064261
108,beverages-hot,sauces-gravy-pkle,0.61978022,1.302636664
665,beverages-hot,"baking-needs,bread-and-cake",0.593406593,1.252897718
101,beverages-hot,breakfast-food,0.571428571,1.420434482
822,beverages-hot,"biscuits,bread-and-cake",0.558241758,1.240358489
826,beverages-hot,"bread-and-cake,fruit",0.558241758,1.111198956
668,beverages-hot,"baking-needs,juice-sat-cord-ms",0.556043956,1.588795146
664,beverages-hot,"baking-needs,biscuits",0.553846154,1.452433281
828,beverages-hot,"bread-and-cake,milk-cream",0.551648352,1.092433765
666,beverages-hot,"baking-needs,frozen-foods",0.549450549,1.385154355
825,beverages-hot,"bread-and-cake,frozen-foods",0.540659341,1.1753243
667,beverages-hot,"baking-needs,fruit",0.536263736,1.305661076
670,beverages-hot,"baking-needs,milk-cream",0.534065934,1.295536975
823,beverages-hot,"biscuits,frozen-foods",0.531868132,1.360100596
827,beverages-hot,"bread-and-cake,juice-sat-cord-ms",0.531868132,1.317142387
824,beverages-hot,"biscuits,juice-sat-cord-ms",0.52967033,1.590042145
669,beverages-hot,"baking-needs,margarine",0.514285714,1.446252714
671,beverages-hot,"baking-needs,party-snack-foods",0.50989011,1.541667744
111,biscuits,bread-and-cake,0.799539171,1.111044819
132,biscuits,fruit,0.705069124,1.101536565
130,biscuits,frozen-foods,0.694700461,1.183241654
143,biscuits,milk-cream,0.678187404,1.067833537
24,biscuits,baking-needs,0.677419355,1.121195684
164,biscuits,vegetables,0.677419355,1.058339053
145,biscuits,party-snack-foods,0.610983103,1.213571419
137,biscuits,juice-sat-cord-ms,0.591781874,1.111934585
846,biscuits,"bread-and-cake,fruit",0.591397849,1.177197268
844,biscuits,"bread-and-cake,frozen-foods",0.579493088,1.259743902
141,biscuits,margarine,0.573348694,1.159226862
873,biscuits,"bread-and-cake,vegetables",0.571044547,1.149543983
854,biscuits,"bread-and-cake,milk-cream",0.569892473,1.128562749
672,biscuits,"baking-needs,bread-and-cake",0.559139785,1.18054799
162,biscuits,tissues-paper-prd,0.557603687,1.148474913
155,biscuits,sauces-gravy-pkle,0.539938556,1.134827697
899,biscuits,"fruit,vegetables",0.539170507,1.130132653
680,biscuits,"baking-needs,frozen-foods",0.505376344,1.274044124
885,biscuits,"frozen-foods,fruit",0.502304147,1.249279025
856,biscuits,"bread-and-cake,party-snack-foods",0.501152074,1.282971496
199,bread-and-cake,milk-cream,0.701712226,1.104874322
186,bread-and-cake,fruit,0.69810754,1.090660412
223,bread-and-cake,vegetables,0.690297387,1.078458531
26,bread-and-cake,baking-needs,0.658155602,1.089312278
184,bread-and-cake,frozen-foods,0.639231,1.088763847
110,bread-and-cake,biscuits,0.625413037,1.111044819
192,bread-and-cake,juice-sat-cord-ms,0.561129468,1.054339935
197,bread-and-cake,margarine,0.55001502,1.112049598
201,bread-and-cake,party-snack-foods,0.542805647,1.078153252
1034,bread-and-cake,"fruit,vegetables",0.537999399,1.127677943
220,bread-and-cake,tissues-paper-prd,0.533193151,1.09819747
212,bread-and-cake,sauces-gravy-pkle,0.513667768,1.079612492
1016,bread-and-cake,"fruit,milk-cream",0.505557224,1.148113756
166,breakfast-food,bread-and-cake,0.773777539,1.075246289
28,breakfast-food,baking-needs,0.71735626,1.187295191
232,breakfast-food,fruit,0.700698549,1.094708372
244,breakfast-food,vegetables,0.68619022,1.072041864
231,breakfast-food,frozen-foods,0.678130038,1.155018245
237,breakfast-food,milk-cream,0.675980656,1.064358922
112,breakfast-food,biscuits,0.664159054,1.17987703
234,breakfast-food,juice-sat-cord-ms,0.624395486,1.173214265
236,breakfast-food,margarine,0.592154756,1.197249956
243,breakfast-food,tissues-paper-prd,0.588393337,1.211891174
238,breakfast-food,party-snack-foods,0.587318646,1.16656765
686,breakfast-food,"baking-needs,bread-and-cake",0.577109081,1.218487727
905,breakfast-food,"bread-and-cake,fruit",0.574959699,1.144476578
907,breakfast-food,"bread-and-cake,vegetables",0.56528748,1.137954692
906,breakfast-food,"bread-and-cake,milk-cream",0.558301988,1.105610016
242,breakfast-food,sauces-gravy-pkle,0.555077915,1.166647176
1117,breakfast-food,"fruit,vegetables",0.550241805,1.153338737
829,breakfast-food,"biscuits,bread-and-cake",0.547555078,1.216613732
904,breakfast-food,"bread-and-cake,frozen-foods",0.544331005,1.183306028
732,breakfast-food,"baking-needs,frozen-foods",0.517463729,1.304516191
733,breakfast-food,"baking-needs,fruit",0.513164965,1.249421647
734,breakfast-food,"baking-needs,vegetables",0.509940892,1.210357397
1116,breakfast-food,"fruit,milk-cream",0.504567437,1.145865961
875,breakfast-food,"biscuits,frozen-foods",0.504030091,1.288912771
674,breakfast-food,"baking-needs,biscuits",0.501880709,1.316156554
167,canned-fish-meat,bread-and-cake,0.801275239,1.113457271
29,canned-fish-meat,baking-needs,0.725823592,1.201309458
256,canned-fish-meat,vegetables,0.720510096,1.125660149
249,canned-fish-meat,fruit,0.705632306,1.10241643
113,canned-fish-meat,biscuits,0.669500531,1.189366151
248,canned-fish-meat,frozen-foods,0.666312434,1.134890029
252,canned-fish-meat,milk-cream,0.666312434,1.049135915
251,canned-fish-meat,margarine,0.626992561,1.267686883
255,canned-fish-meat,tissues-paper-prd,0.613177471,1.262938103
254,canned-fish-meat,sauces-gravy-pkle,0.605738576,1.273124331
687,canned-fish-meat,"baking-needs,bread-and-cake",0.598299681,1.263228811
250,canned-fish-meat,juice-sat-cord-ms,0.596174283,1.120187746
913,canned-fish-meat,"bread-and-cake,vegetables",0.596174283,1.200131519
909,canned-fish-meat,"bread-and-cake,fruit",0.591923486,1.178243565
830,canned-fish-meat,"biscuits,bread-and-cake",0.567481403,1.260888074
911,canned-fish-meat,"bread-and-cake,milk-cream",0.560042508,1.109056782
1118,canned-fish-meat,"fruit,vegetables",0.558979809,1.171654098
908,canned-fish-meat,"bread-and-cake,frozen-foods",0.552603613,1.201289622
253,canned-fish-meat,party-snack-foods,0.544102019,1.080728184
737,canned-fish-meat,"baking-needs,vegetables",0.54303932,1.288917339
910,canned-fish-meat,"bread-and-cake,margarine",0.530286929,1.339763699
736,canned-fish-meat,"baking-needs,fruit",0.52816153,1.285934336
225,canned-fish-meat,breakfast-food,0.517534538,1.28646683
246,canned-fish-meat,canned-vegetables,0.516471838,1.515027727
912,canned-fish-meat,"bread-and-cake,tissues-paper-prd",0.513283741,1.337718639
247,canned-fish-meat,cheese,0.511158342,1.259115277
735,canned-fish-meat,"baking-needs,frozen-foods",0.510095643,1.285941386
675,canned-fish-meat,"baking-needs,biscuits",0.50053135,1.312617927
168,canned-fruit,bread-and-cake,0.810600156,1.126415236
259,canned-fruit,fruit,0.72954014,1.139767879
258,canned-fruit,frozen-foods,0.718628215,1.223996363
30,canned-fruit,baking-needs,0.708495713,1.172630114
266,canned-fruit,vegetables,0.70771629,1.105672258
262,canned-fruit,milk-cream,0.690568979,1.087328828
114,canned-fruit,biscuits,0.687451286,1.221255626
915,canned-fruit,"bread-and-cake,fruit",0.622759158,1.239623006
260,canned-fruit,juice-sat-cord-ms,0.61106781,1.148172091
261,canned-fruit,margarine,0.609508963,1.232337616
919,canned-fruit,"bread-and-cake,vegetables",0.599376461,1.206577681
918,canned-fruit,"bread-and-cake,milk-cream",0.597817615,1.183863136
914,canned-fruit,"bread-and-cake,frozen-foods",0.596258769,1.296190349
688,canned-fruit,"baking-needs,bread-and-cake",0.593920499,1.25398276
831,canned-fruit,"biscuits,bread-and-cake",0.587685113,1.305778738
1123,canned-fruit,"fruit,vegetables",0.579890881,1.215484918
265,canned-fruit,tissues-paper-prd,0.575214341,1.184746903
264,canned-fruit,sauces-gravy-pkle,0.572096648,1.202416672
263,canned-fruit,party-snack-foods,0.564302416,1.120851429
1119,canned-fruit,"frozen-foods,fruit",0.534684334,1.329811681
876,canned-fruit,"biscuits,frozen-foods",0.530787217,1.357336467
1122,canned-fruit,"fruit,milk-cream",0.530787217,1.205410735
738,canned-fruit,"baking-needs,frozen-foods",0.530007794,1.33613954
226,canned-fruit,breakfast-food,0.527669525,1.311659979
877,canned-fruit,"biscuits,fruit",0.527669525,1.329520273
739,canned-fruit,"baking-needs,fruit",0.525331255,1.279043361
1121,canned-fruit,"frozen-foods,vegetables",0.525331255,1.291276506
917,canned-fruit,"bread-and-cake,margarine",0.515978176,1.303612803
676,canned-fruit,"baking-needs,biscuits",0.512860483,1.344950451
257,canned-fruit,canned-vegetables,0.51208106,1.502147739
741,canned-fruit,"baking-needs,vegetables",0.50974279,1.209887198
740,canned-fruit,"baking-needs,milk-cream",0.505845674,1.227080277
916,canned-fruit,"bread-and-cake,juice-sat-cord-ms",0.501948558,1.243048196
1124,canned-fruit,"milk-cream,vegetables",0.501948558,1.146673595
1214,canned-fruit,"bread-and-cake,fruit,vegetables",0.501948558,1.296490245
878,canned-fruit,"biscuits,vegetables",0.500389712,1.312246489
1120,canned-fruit,"frozen-foods,milk-cream",0.500389712,1.268385099
169,canned-vegetables,bread-and-cake,0.796448954,1.106750634
277,canned-vegetables,vegetables,0.734305644,1.147213072
31,canned-vegetables,baking-needs,0.721623335,1.194357621
269,canned-vegetables,fruit,0.714013951,1.115511157
268,canned-vegetables,frozen-foods,0.70577045,1.202096503
115,canned-vegetables,biscuits,0.695624604,1.235775506
272,canned-vegetables,milk-cream,0.677869372,1.067332783
271,canned-vegetables,margarine,0.624603678,1.262856912
275,canned-vegetables,sauces-gravy-pkle,0.618896639,1.300779579
270,canned-vegetables,juice-sat-cord-ms,0.614457831,1.154541807
926,canned-vegetables,"bread-and-cake,vegetables",0.613823716,1.235660796
276,canned-vegetables,tissues-paper-prd,0.613189601,1.262963086
921,canned-vegetables,"bread-and-cake,fruit",0.602409639,1.199116604
689,canned-vegetables,"baking-needs,bread-and-cake",0.595434369,1.257179092
920,canned-vegetables,"bread-and-cake,frozen-foods",0.584020292,1.269585465
1128,canned-vegetables,"fruit,vegetables",0.582117945,1.220152975
832,canned-vegetables,"biscuits,bread-and-cake",0.580849715,1.290591153
273,canned-vegetables,party-snack-foods,0.580215599,1.152459151
923,canned-vegetables,"bread-and-cake,milk-cream",0.569435637,1.127658073
879,canned-vegetables,"biscuits,frozen-foods",0.54280279,1.388062856
745,canned-vegetables,"baking-needs,vegetables",0.540900444,1.283840664
1126,canned-vegetables,"frozen-foods,vegetables",0.53455929,1.313959232
742,canned-vegetables,"baking-needs,frozen-foods",0.533925174,1.346015181
267,canned-vegetables,cheese,0.519974635,1.280832089
677,canned-vegetables,"baking-needs,biscuits",0.51934052,1.361944017
880,canned-vegetables,"biscuits,fruit",0.518706405,1.306936725
743,canned-vegetables,"baking-needs,fruit",0.518072289,1.261369689
881,canned-vegetables,"biscuits,vegetables",0.517438174,1.356955211
1125,canned-vegetables,"frozen-foods,fruit",0.514267597,1.279033281
925,canned-vegetables,"bread-and-cake,tissues-paper-prd",0.51236525,1.335324873
1129,canned-vegetables,"milk-cream,vegetables",0.51236525,1.17046995
1127,canned-vegetables,"fruit,milk-cream",0.511731135,1.162134625
922,canned-vegetables,"bread-and-cake,margarine",0.51109702,1.291280619
924,canned-vegetables,"bread-and-cake,sauces-gravy-pkle",0.507926443,1.374074692
227,canned-vegetables,breakfast-food,0.502219404,1.248397078
744,canned-vegetables,"baking-needs,milk-cream",0.502219404,1.218283672
1215,canned-vegetables,"bread-and-cake,fruit,vegetables",0.501585289,1.295551951
170,cheese,bread-and-cake,0.793929712,1.10324988
294,cheese,vegetables,0.714057508,1.115579207
32,cheese,baking-needs,0.700212993,1.158921397
281,cheese,fruit,0.698615548,1.091454079
286,cheese,milk-cream,0.686368477,1.080714968
280,cheese,frozen-foods,0.66027689,1.12461005
116,cheese,biscuits,0.652822151,1.159737047
285,cheese,margarine,0.622470714,1.258544371
283,cheese,juice-sat-cord-ms,0.610756124,1.147586445
928,cheese,"bread-and-cake,fruit",0.591586794,1.17757337
931,cheese,"bread-and-cake,vegetables",0.591054313,1.18982474
287,cheese,party-snack-foods,0.590521832,1.17293001
293,cheese,tissues-paper-prd,0.588924388,1.212984959
291,cheese,sauces-gravy-pkle,0.575612354,1.209805883
690,cheese,"baking-needs,bread-and-cake",0.571352503,1.20633349
930,cheese,"bread-and-cake,milk-cream",0.57028754,1.129345103
1131,cheese,"fruit,vegetables",0.553780618,1.160756292
833,cheese,"biscuits,bread-and-cake",0.545260916,1.211516329
927,cheese,"bread-and-cake,frozen-foods",0.544195953,1.183012443
746,cheese,"baking-needs,vegetables",0.522364217,1.239844468
929,cheese,"bread-and-cake,margarine",0.513844515,1.298222135
1132,cheese,"milk-cream,vegetables",0.508519702,1.161685008
1130,cheese,"fruit,milk-cream",0.503194888,1.142748921
171,cleaners-polishers,bread-and-cake,0.776545166,1.079092202
33,cleaners-polishers,baking-needs,0.713153724,1.180339581
304,cleaners-polishers,vegetables,0.696513471,1.088169982
296,cleaners-polishers,fruit,0.670364501,1.047317184
300,cleaners-polishers,milk-cream,0.668779715,1.053020749
295,cleaners-polishers,frozen-foods,0.666402536,1.135043494
117,cleaners-polishers,biscuits,0.648177496,1.151485828
303,cleaners-polishers,tissues-paper-prd,0.622028526,1.281168282
299,cleaners-polishers,margarine,0.603011094,1.219199877
297,cleaners-polishers,juice-sat-cord-ms,0.593502377,1.115167342
691,cleaners-polishers,"baking-needs,bread-and-cake",0.575277338,1.214620248
936,cleaners-polishers,"bread-and-cake,vegetables",0.570522979,1.148494039
302,cleaners-polishers,sauces-gravy-pkle,0.5681458,1.194112891
933,cleaners-polishers,"bread-and-cake,fruit",0.561014263,1.11671772
934,cleaners-polishers,"bread-and-cake,milk-cream",0.56022187,1.109411974
932,cleaners-polishers,"bread-and-cake,frozen-foods",0.551505547,1.198902565
301,cleaners-polishers,party-snack-foods,0.546751189,1.085990124
834,cleaners-polishers,"biscuits,bread-and-cake",0.541204437,1.202503231
1133,cleaners-polishers,"fruit,vegetables",0.540412044,1.132734987
748,cleaners-polishers,"baking-needs,vegetables",0.525356577,1.246946908
747,cleaners-polishers,"baking-needs,frozen-foods",0.510301109,1.286459363
935,cleaners-polishers,"bread-and-cake,tissues-paper-prd",0.509508716,1.327880181
228,cleaners-polishers,breakfast-food,0.508716323,1.264546863
298,cleaners-polishers,laundry-needs,0.5,1.480793854
172,coffee,bread-and-cake,0.765082267,1.063163282
34,coffee,baking-needs,0.721206581,1.193667852
313,coffee,vegetables,0.682815356,1.06676928
309,coffee,milk-cream,0.671846435,1.057849424
118,coffee,biscuits,0.657221207,1.167551959
306,coffee,fruit,0.650822669,1.016786784
305,coffee,frozen-foods,0.648080439,1.103836565
308,coffee,margarine,0.612431444,1.238246443
312,coffee,tissues-paper-prd,0.60786106,1.251988097
692,coffee,"baking-needs,bread-and-cake",0.57678245,1.217798089
307,coffee,juice-sat-cord-ms,0.574954296,1.080316236
311,coffee,sauces-gravy-pkle,0.560329068,1.177683901
940,coffee,"bread-and-cake,milk-cream",0.555758684,1.100573489
941,coffee,"bread-and-cake,vegetables",0.554844607,1.116932616
310,coffee,party-snack-foods,0.543875686,1.080278627
835,coffee,"biscuits,bread-and-cake",0.540219378,1.200314527
938,coffee,"bread-and-cake,fruit",0.530164534,1.055310298
937,coffee,"bread-and-cake,frozen-foods",0.52559415,1.142574501
1134,coffee,"fruit,vegetables",0.510054845,1.069104536
749,coffee,"baking-needs,milk-cream",0.50274223,1.219551944
750,coffee,"baking-needs,vegetables",0.500914077,1.188932026
939,coffee,"bread-and-cake,margarine",0.500914077,1.265553533
173,cold-meats,bread-and-cake,0.782738095,1.087697936
314,cold-meats,frozen-foods,0.712797619,1.214065459
322,cold-meats,vegetables,0.678571429,1.060138949
119,cold-meats,biscuits,0.671130952,1.192262591
35,cold-meats,baking-needs,0.668154762,1.105861871
318,cold-meats,milk-cream,0.65625,1.033292206
315,cold-meats,fruit,0.645833333,1.008991895
319,cold-meats,party-snack-foods,0.638392857,1.268014323
316,cold-meats,juice-sat-cord-ms,0.59375,1.115632616
320,cold-meats,sauces-gravy-pkle,0.575892857,1.210395437
317,cold-meats,margarine,0.574404762,1.161362075
942,cold-meats,"bread-and-cake,frozen-foods",0.574404762,1.248682532
836,cold-meats,"biscuits,bread-and-cake",0.558035714,1.239900679
946,cold-meats,"bread-and-cake,vegetables",0.547619048,1.102387169
693,cold-meats,"baking-needs,bread-and-cake",0.544642857,1.149939688
944,cold-meats,"bread-and-cake,milk-cream",0.544642857,1.078560727
882,cold-meats,"biscuits,frozen-foods",0.538690476,1.37754679
321,cold-meats,tissues-paper-prd,0.53422619,1.100325181
943,cold-meats,"bread-and-cake,fruit",0.53125,1.057470955
945,cold-meats,"bread-and-cake,party-snack-foods",0.525297619,1.344785161
278,cold-meats,cheese,0.519345238,1.279281721
751,cold-meats,"baking-needs,frozen-foods",0.511904762,1.290502141
1136,cold-meats,"fruit,vegetables",0.507440476,1.063624668
1135,cold-meats,"frozen-foods,vegetables",0.501488095,1.232669463
174,confectionary,bread-and-cake,0.761989343,1.058865335
327,confectionary,milk-cream,0.682060391,1.073931711
324,confectionary,fruit,0.680284192,1.062814816
120,confectionary,biscuits,0.670219065,1.190642624
331,confectionary,vegetables,0.652457075,1.019340233
36,confectionary,baking-needs,0.649496744,1.074981015
323,confectionary,frozen-foods,0.641207815,1.092130837
328,confectionary,party-snack-foods,0.60509177,1.201869699
325,confectionary,juice-sat-cord-ms,0.591474245,1.111356563
949,confectionary,"bread-and-cake,milk-cream",0.557726465,1.104470303
948,confectionary,"bread-and-cake,fruit",0.552397869,1.099566497
837,confectionary,"biscuits,bread-and-cake",0.545885139,1.212903292
326,confectionary,margarine,0.540556542,1.092925946
950,confectionary,"bread-and-cake,vegetables",0.527531083,1.061948996
694,confectionary,"baking-needs,bread-and-cake",0.521018354,1.100059747
330,confectionary,tissues-paper-prd,0.517465956,1.06580477
947,confectionary,"bread-and-cake,frozen-foods",0.513913558,1.117182388
329,confectionary,sauces-gravy-pkle,0.508584962,1.068929592
1137,confectionary,"fruit,vegetables",0.502072232,1.052372517
37,cooking-oils,baking-needs,0.769874477,1.274218007
175,cooking-oils,bread-and-cake,0.757322176,1.052379809
340,cooking-oils,vegetables,0.70292887,1.098192825
333,cooking-oils,fruit,0.665271967,1.039361066
336,cooking-oils,milk-cream,0.654811715,1.031027568
338,cooking-oils,sauces-gravy-pkle,0.652719665,1.371867865
332,cooking-oils,frozen-foods,0.642259414,1.093921963
121,cooking-oils,biscuits,0.631799163,1.122389758
339,cooking-oils,tissues-paper-prd,0.623430962,1.284056826
334,cooking-oils,juice-sat-cord-ms,0.617154812,1.159609325
335,cooking-oils,margarine,0.615062762,1.24356658
695,cooking-oils,"baking-needs,bread-and-cake",0.608786611,1.285370544
957,cooking-oils,"bread-and-cake,vegetables",0.564853556,1.13708118
758,cooking-oils,"baking-needs,vegetables",0.556485356,1.32083184
337,cooking-oils,party-snack-foods,0.550209205,1.092858644
952,cooking-oils,"bread-and-cake,fruit",0.535564854,1.066059816
954,cooking-oils,"bread-and-cake,milk-cream",0.533472803,1.056440577
1138,cooking-oils,"fruit,vegetables",0.529288703,1.109419819
678,cooking-oils,"baking-needs,biscuits",0.523012552,1.371573734
752,cooking-oils,"baking-needs,frozen-foods",0.523012552,1.318504669
753,cooking-oils,"baking-needs,fruit",0.523012552,1.27339793
229,cooking-oils,breakfast-food,0.520920502,1.294883526
755,cooking-oils,"baking-needs,milk-cream",0.514644351,1.248424106
838,cooking-oils,"biscuits,bread-and-cake",0.514644351,1.143489323
754,cooking-oils,"baking-needs,margarine",0.512552301,1.441378082
756,cooking-oils,"baking-needs,sauces-gravy-pkle",0.512552301,1.558886881
757,cooking-oils,"baking-needs,tissues-paper-prd",0.512552301,1.50735343
951,cooking-oils,"bread-and-cake,frozen-foods",0.510460251,1.109675339
953,cooking-oils,"bread-and-cake,margarine",0.510460251,1.28967183
956,cooking-oils,"bread-and-cake,tissues-paper-prd",0.5041841,1.314003182
955,cooking-oils,"bread-and-cake,sauces-gravy-pkle",0.5,1.352631579
176,cough-cold-pain,bread-and-cake,0.79281768,1.101704592
38,cough-cold-pain,baking-needs,0.701657459,1.16131213
342,cough-cold-pain,fruit,0.679558011,1.061680297
122,cough-cold-pain,biscuits,0.662983425,1.177788528
345,cough-cold-pain,vegetables,0.660220994,1.031469882
343,cough-cold-pain,milk-cream,0.654696133,1.030845578
341,cough-cold-pain,frozen-foods,0.649171271,1.105694513
344,cough-cold-pain,tissues-paper-prd,0.640883978,1.320004133
177,dairy-foods,bread-and-cake,0.790767386,1.098855491
347,dairy-foods,fruit,0.723021583,1.129583871
354,dairy-foods,vegetables,0.705035971,1.10148477
350,dairy-foods,milk-cream,0.683453237,1.076124805
39,dairy-foods,baking-needs,0.674460432,1.116298375
346,dairy-foods,frozen-foods,0.662470024,1.128345483
123,dairy-foods,biscuits,0.658273381,1.169421145
351,dairy-foods,party-snack-foods,0.62470024,1.240817222
348,dairy-foods,juice-sat-cord-ms,0.604916067,1.136613211
959,dairy-foods,"bread-and-cake,fruit",0.591726619,1.177851695
962,dairy-foods,"bread-and-cake,vegetables",0.579136691,1.165833913
1140,dairy-foods,"fruit,vegetables",0.567745803,1.190028132
960,dairy-foods,"bread-and-cake,milk-cream",0.564148681,1.11718827
349,dairy-foods,margarine,0.56294964,1.138201502
696,dairy-foods,"baking-needs,bread-and-cake",0.558752998,1.17973134
352,dairy-foods,sauces-gravy-pkle,0.552158273,1.160510755
839,dairy-foods,"biscuits,bread-and-cake",0.549760192,1.221513279
353,dairy-foods,tissues-paper-prd,0.54616307,1.124911113
958,dairy-foods,"bread-and-cake,frozen-foods",0.545563549,1.185985422
1139,dairy-foods,"fruit,milk-cream",0.51558753,1.170892447
883,dairy-foods,"biscuits,fruit",0.505395683,1.273398928
961,dairy-foods,"bread-and-cake,party-snack-foods",0.504196643,1.290765727
1141,dairy-foods,"milk-cream,vegetables",0.502398082,1.147700506
178,dental-needs,bread-and-cake,0.779135338,1.082691522
40,dental-needs,baking-needs,0.718045113,1.18843531
355,dental-needs,frozen-foods,0.694548872,1.182983462
124,dental-needs,biscuits,0.678571429,1.205480579
363,dental-needs,vegetables,0.671052632,1.048392257
356,dental-needs,fruit,0.670112782,1.046923921
362,dental-needs,tissues-paper-prd,0.648496241,1.335682818
359,dental-needs,milk-cream,0.644736842,1.015164272
357,dental-needs,juice-sat-cord-ms,0.612781955,1.151392901
360,dental-needs,party-snack-foods,0.605263158,1.20221012
358,dental-needs,margarine,0.587406015,1.1876487
361,dental-needs,sauces-gravy-pkle,0.585526316,1.23064277
697,dental-needs,"baking-needs,bread-and-cake",0.578947368,1.222369022
963,dental-needs,"bread-and-cake,frozen-foods",0.561090226,1.219738432
840,dental-needs,"biscuits,bread-and-cake",0.560150376,1.24459925
967,dental-needs,"bread-and-cake,vegetables",0.554511278,1.116261607
964,dental-needs,"bread-and-cake,fruit",0.545112782,1.085065288
759,dental-needs,"baking-needs,frozen-foods",0.536654135,1.352894839
965,dental-needs,"bread-and-cake,milk-cream",0.536654135,1.062740595
679,dental-needs,"baking-needs,biscuits",0.526315789,1.380236305
884,dental-needs,"biscuits,frozen-foods",0.526315789,1.345902069
230,dental-needs,breakfast-food,0.515037594,1.280260027
966,dental-needs,"bread-and-cake,tissues-paper-prd",0.515037594,1.342289527
761,dental-needs,"baking-needs,vegetables",0.510338346,1.211300763
1142,dental-needs,"fruit,vegetables",0.510338346,1.069698771
760,dental-needs,"baking-needs,tissues-paper-prd",0.502819549,1.4787306
279,dental-needs,cheese,0.501879699,1.236259579
179,deod-disinfectant,bread-and-cake,0.746701847,1.037621731
370,deod-disinfectant,vegetables,0.704485488,1.100624744
365,deod-disinfectant,fruit,0.683377309,1.067647224
41,deod-disinfectant,baking-needs,0.680738786,1.126689669
364,deod-disinfectant,frozen-foods,0.670184697,1.141485422
369,deod-disinfectant,tissues-paper-prd,0.662269129,1.364050308
125,deod-disinfectant,biscuits,0.65171504,1.157770266
367,deod-disinfectant,margarine,0.625329815,1.264325055
366,deod-disinfectant,juice-sat-cord-ms,0.612137203,1.150181439
368,deod-disinfectant,sauces-gravy-pkle,0.612137203,1.286572786
180,deodorants-soap,bread-and-cake,0.782003711,1.08667743
379,deodorants-soap,vegetables,0.703153989,1.09854453
42,deodorants-soap,baking-needs,0.702226345,1.162253693
372,deodorants-soap,fruit,0.682745826,1.066660652
371,deodorants-soap,frozen-foods,0.681818182,1.16130004
375,deodorants-soap,milk-cream,0.662337662,1.042877477
378,deodorants-soap,tissues-paper-prd,0.661410019,1.362280831
126,deodorants-soap,biscuits,0.658627087,1.170049503
374,deodorants-soap,margarine,0.607606679,1.228491476
373,deodorants-soap,juice-sat-cord-ms,0.594619666,1.117266684
377,deodorants-soap,sauces-gravy-pkle,0.594619666,1.249754918
698,deodorants-soap,"baking-needs,bread-and-cake",0.581632653,1.228038637
972,deodorants-soap,"bread-and-cake,vegetables",0.573283859,1.154051841
376,deodorants-soap,party-snack-foods,0.566790353,1.125793118
969,deodorants-soap,"bread-and-cake,fruit",0.566790353,1.12821522
968,deodorants-soap,"bread-and-cake,frozen-foods",0.562152134,1.222046884
970,deodorants-soap,"bread-and-cake,milk-cream",0.562152134,1.113234491
841,deodorants-soap,"biscuits,bread-and-cake",0.548237477,1.218129956
971,deodorants-soap,"bread-and-cake,tissues-paper-prd",0.536178108,1.397385874
1144,deodorants-soap,"fruit,vegetables",0.53432282,1.11997162
763,deodorants-soap,"baking-needs,vegetables",0.521335807,1.237403511
762,deodorants-soap,"baking-needs,frozen-foods",0.515769944,1.300246192
1143,deodorants-soap,"frozen-foods,vegetables",0.503710575,1.23813237
181,dishcloths-scour,bread-and-cake,0.812154696,1.128575435
43,dishcloths-scour,baking-needs,0.73480663,1.21617727
127,dishcloths-scour,biscuits,0.70441989,1.251400311
381,dishcloths-scour,fruit,0.698895028,1.091890712
383,dishcloths-scour,vegetables,0.696132597,1.087574938
380,dishcloths-scour,frozen-foods,0.687845304,1.171565676
382,dishcloths-scour,tissues-paper-prd,0.668508287,1.376900862
182,electrical,bread-and-cake,0.747081712,1.038149594
44,electrical,baking-needs,0.678988327,1.123792487
385,electrical,fruit,0.661478599,1.03343465
128,electrical,biscuits,0.659533074,1.171658986
388,electrical,milk-cream,0.657587549,1.03539823
384,electrical,frozen-foods,0.634241245,1.080265096
391,electrical,tissues-paper-prd,0.610894942,1.258236866
390,electrical,sauces-gravy-pkle,0.554474708,1.165379373
387,electrical,margarine,0.548638132,1.109265734
389,electrical,party-snack-foods,0.544747082,1.082009446
386,electrical,juice-sat-cord-ms,0.542801556,1.019902518
699,electrical,"baking-needs,bread-and-cake",0.540856031,1.141944318
975,electrical,"bread-and-cake,milk-cream",0.538910506,1.067208904
974,electrical,"bread-and-cake,fruit",0.531128405,1.057228916
842,electrical,"biscuits,bread-and-cake",0.521400778,1.158501441
976,electrical,"bread-and-cake,vegetables",0.519455253,1.045691906
973,electrical,"bread-and-cake,frozen-foods",0.505836576,1.09962406
183,frozen-foods,bread-and-cake,0.783505155,1.088763847
427,frozen-foods,vegetables,0.692930781,1.082572709
393,frozen-foods,fruit,0.684830633,1.069917768
45,frozen-foods,baking-needs,0.67562592,1.118227373
404,frozen-foods,milk-cream,0.671944035,1.0580031
129,frozen-foods,biscuits,0.666053019,1.183241654
398,frozen-foods,juice-sat-cord-ms,0.595729013,1.119351103
406,frozen-foods,party-snack-foods,0.582106038,1.156214055
1005,frozen-foods,"bread-and-cake,vegetables",0.569955817,1.147352311
978,frozen-foods,"bread-and-cake,fruit",0.569587629,1.133783292
402,frozen-foods,margarine,0.563696613,1.13971177
987,frozen-foods,"bread-and-cake,milk-cream",0.557805596,1.104627007
843,frozen-foods,"biscuits,bread-and-cake",0.555596465,1.234480907
425,frozen-foods,tissues-paper-prd,0.553755523,1.140548998
417,frozen-foods,sauces-gravy-pkle,0.551178203,1.158450872
700,frozen-foods,"baking-needs,bread-and-cake",0.546759941,1.154409625
1151,frozen-foods,"fruit,vegetables",0.534241532,1.119801235
185,fruit,bread-and-cake,0.784869976,1.090660412
463,fruit,vegetables,0.745356299,1.164477621
440,fruit,milk-cream,0.687943262,1.083194531
47,fruit,baking-needs,0.64167511,1.062035441
392,fruit,frozen-foods,0.62816616,1.069917768
131,fruit,biscuits,0.62006079,1.101536565
1033,fruit,"bread-and-cake,vegetables",0.604863222,1.21762283
1015,fruit,"bread-and-cake,milk-cream",0.568389058,1.125585523
434,fruit,juice-sat-cord-ms,0.564336373,1.060365581
442,fruit,party-snack-foods,0.537318473,1.067254297
1184,fruit,"milk-cream,vegetables",0.530563999,1.212043979
461,fruit,tissues-paper-prd,0.52887538,1.089304322
702,fruit,"baking-needs,bread-and-cake",0.528199932,1.115222678
977,fruit,"bread-and-cake,frozen-foods",0.522458629,1.135758279
845,fruit,"biscuits,bread-and-cake",0.520094563,1.155599158
438,fruit,margarine,0.519419115,1.050189173
453,fruit,sauces-gravy-pkle,0.503208376,1.057629235
782,fruit,"baking-needs,vegetables",0.502870652,1.193576006
187,haircare,bread-and-cake,0.774231678,1.075877364
49,haircare,baking-needs,0.677304965,1.121006356
394,haircare,frozen-foods,0.676122931,1.151599662
429,haircare,fruit,0.672576832,1.050773531
472,haircare,vegetables,0.671394799,1.048926829
467,haircare,milk-cream,0.659574468,1.038526715
133,haircare,biscuits,0.654846336,1.163333007
471,haircare,tissues-paper-prd,0.637115839,1.312243042
465,haircare,juice-sat-cord-ms,0.617021277,1.159358418
468,haircare,party-snack-foods,0.586288416,1.164521345
466,haircare,margarine,0.576832151,1.1662699
470,haircare,sauces-gravy-pkle,0.569739953,1.197463435
704,haircare,"baking-needs,bread-and-cake",0.553191489,1.167988968
1038,haircare,"bread-and-cake,vegetables",0.552009456,1.111225302
1007,haircare,"bread-and-cake,fruit",0.550827423,1.096440473
1036,haircare,"bread-and-cake,milk-cream",0.547281324,1.083785704
847,haircare,"biscuits,bread-and-cake",0.542553191,1.205500031
979,haircare,"bread-and-cake,frozen-foods",0.539007092,1.171732523
1037,haircare,"bread-and-cake,tissues-paper-prd",0.528368794,1.377033263
1168,haircare,"fruit,vegetables",0.520094563,1.090148367
469,haircare,pet-foods,0.5,1.238885913
188,health-food-other,bread-and-cake,0.759530792,1.055448916
430,health-food-other,fruit,0.747800587,1.168296357
473,health-food-other,vegetables,0.724340176,1.131643922
189,insecticides,bread-and-cake,0.740206186,1.028595318
50,insecticides,baking-needs,0.670103093,1.10908655
431,insecticides,fruit,0.645360825,1.00825369
395,insecticides,frozen-foods,0.639175258,1.088668904
134,insecticides,biscuits,0.618556701,1.098864554
475,insecticides,margarine,0.606185567,1.225618196
477,insecticides,sauces-gravy-pkle,0.595876289,1.252396052
474,insecticides,juice-sat-cord-ms,0.591752577,1.111879538
478,insecticides,tissues-paper-prd,0.589690722,1.214563347
476,insecticides,party-snack-foods,0.550515464,1.093466954
1008,insecticides,"bread-and-cake,fruit",0.521649485,1.038360807
705,insecticides,"baking-needs,bread-and-cake",0.513402062,1.083978977
980,insecticides,"bread-and-cake,frozen-foods",0.511340206,1.111588249
1040,insecticides,"bread-and-cake,vegetables",0.509278351,1.025205243
1039,insecticides,"bread-and-cake,milk-cream",0.507216495,1.004444994
190,jams-spreads,bread-and-cake,0.803599374,1.116686904
51,jams-spreads,baking-needs,0.732394366,1.212184736
432,jams-spreads,fruit,0.699530516,1.092883542
485,jams-spreads,vegetables,0.694835681,1.085548754
135,jams-spreads,biscuits,0.694053208,1.232983925
481,jams-spreads,milk-cream,0.681533646,1.073102331
396,jams-spreads,frozen-foods,0.679968701,1.158149931
480,jams-spreads,margarine,0.648669797,1.311515069
484,jams-spreads,tissues-paper-prd,0.606416275,1.249012329
479,jams-spreads,juice-sat-cord-ms,0.602503912,1.132080869
706,jams-spreads,"baking-needs,bread-and-cake",0.598591549,1.263845051
1009,jams-spreads,"bread-and-cake,fruit",0.595461659,1.185286417
483,jams-spreads,sauces-gravy-pkle,0.590766823,1.241657121
482,jams-spreads,party-snack-foods,0.58685446,1.165645656
1042,jams-spreads,"bread-and-cake,milk-cream",0.585289515,1.159053637
848,jams-spreads,"biscuits,bread-and-cake",0.58372457,1.296978799
1044,jams-spreads,"bread-and-cake,vegetables",0.582159624,1.171919244
981,jams-spreads,"bread-and-cake,frozen-foods",0.566510172,1.231520703
1170,jams-spreads,"fruit,vegetables",0.546948357,1.146435477
233,jams-spreads,breakfast-food,0.536776213,1.334297023
886,jams-spreads,"biscuits,frozen-foods",0.532081377,1.36064591
1041,jams-spreads,"bread-and-cake,margarine",0.530516432,1.340343536
282,jams-spreads,cheese,0.526604069,1.297162099
681,jams-spreads,"baking-needs,biscuits",0.525821596,1.378940309
787,jams-spreads,"baking-needs,vegetables",0.522691706,1.240621771
774,jams-spreads,"baking-needs,fruit",0.516431925,1.257375834
786,jams-spreads,"baking-needs,milk-cream",0.513302034,1.245167914
764,jams-spreads,"baking-needs,frozen-foods",0.512519562,1.29205204
895,jams-spreads,"biscuits,fruit",0.512519562,1.291348308
1169,jams-spreads,"fruit,milk-cream",0.510954617,1.160371162
785,jams-spreads,"baking-needs,margarine",0.510172144,1.434684704
1043,jams-spreads,"bread-and-cake,tissues-paper-prd",0.504694836,1.315334259
191,juice-sat-cord-ms,bread-and-cake,0.758732738,1.054339935
433,juice-sat-cord-ms,fruit,0.678716491,1.060365581
512,juice-sat-cord-ms,vegetables,0.673436231,1.052116178
491,juice-sat-cord-ms,milk-cream,0.664500406,1.046282804
52,juice-sat-cord-ms,baking-needs,0.657595451,1.088385172
397,juice-sat-cord-ms,frozen-foods,0.657189277,1.119351103
136,juice-sat-cord-ms,biscuits,0.625913891,1.111934585
493,juice-sat-cord-ms,party-snack-foods,0.601543461,1.194821833
489,juice-sat-cord-ms,margarine,0.553208773,1.118506899
1010,juice-sat-cord-ms,"bread-and-cake,fruit",0.550365556,1.095521112
510,juice-sat-cord-ms,tissues-paper-prd,0.549553209,1.131893653
1045,juice-sat-cord-ms,"bread-and-cake,milk-cream",0.541429732,1.072197748
503,juice-sat-cord-ms,sauces-gravy-pkle,0.537774167,1.130278645
1051,juice-sat-cord-ms,"bread-and-cake,vegetables",0.537367994,1.081751235
707,juice-sat-cord-ms,"baking-needs,bread-and-cake",0.524370431,1.107137203
1171,juice-sat-cord-ms,"fruit,vegetables",0.521527214,1.093151287
982,juice-sat-cord-ms,"bread-and-cake,frozen-foods",0.520308692,1.131084591
849,juice-sat-cord-ms,"biscuits,bread-and-cake",0.510966694,1.135317928
193,kitchen,bread-and-cake,0.736196319,1.023023182
194,lamb,bread-and-cake,0.754756871,1.048815045
518,lamb,vegetables,0.748414376,1.169255287
435,lamb,fruit,0.723044397,1.129619515
54,lamb,baking-needs,0.665961945,1.102232543
515,lamb,milk-cream,0.65961945,1.038597542
399,lamb,frozen-foods,0.655391121,1.116288411
89,lamb,beef,0.627906977,1.670326437
138,lamb,biscuits,0.610993658,1.085428825
1173,lamb,"fruit,vegetables",0.598308668,1.254089669
514,lamb,margarine,0.587737844,1.188319609
1053,lamb,"bread-and-cake,vegetables",0.579281184,1.166124785
1011,lamb,"bread-and-cake,fruit",0.568710359,1.132037058
517,lamb,tissues-paper-prd,0.562367865,1.158287508
486,lamb,juice-sat-cord-ms,0.558139535,1.048721969
516,lamb,sauces-gravy-pkle,0.536997886,1.128647079
708,lamb,"baking-needs,bread-and-cake",0.536997886,1.133798366
789,lamb,"baking-needs,vegetables",0.526427061,1.24948773
983,lamb,"bread-and-cake,frozen-foods",0.526427061,1.144385144
1052,lamb,"bread-and-cake,milk-cream",0.526427061,1.042487836
1152,lamb,"frozen-foods,vegetables",0.524312896,1.288773357
1201,lamb,"milk-cream,vegetables",0.524312896,1.197763683
1172,lamb,"fruit,milk-cream",0.509513742,1.157098955
850,lamb,"biscuits,bread-and-cake",0.507399577,1.127392144
1145,lamb,"frozen-foods,fruit",0.505285412,1.256693719
195,laundry-needs,bread-and-cake,0.789372599,1.096917286
55,laundry-needs,baking-needs,0.702944942,1.163443042
436,laundry-needs,fruit,0.687580026,1.074213171
525,laundry-needs,vegetables,0.683738796,1.06821198
400,laundry-needs,frozen-foods,0.679257362,1.15693835
520,laundry-needs,milk-cream,0.678617157,1.068510201
524,laundry-needs,tissues-paper-prd,0.656209987,1.351570526
139,laundry-needs,biscuits,0.654289373,1.162343563
519,laundry-needs,margarine,0.633162612,1.28016182
487,laundry-needs,juice-sat-cord-ms,0.624839949,1.174049392
523,laundry-needs,sauces-gravy-pkle,0.595390525,1.251375088
521,laundry-needs,party-snack-foods,0.590909091,1.173699208
709,laundry-needs,"baking-needs,bread-and-cake",0.578104994,1.220590461
1012,laundry-needs,"bread-and-cake,fruit",0.574903969,1.144365646
1055,laundry-needs,"bread-and-cake,milk-cream",0.570422535,1.129612435
1057,laundry-needs,"bread-and-cake,vegetables",0.569142125,1.145714305
984,laundry-needs,"bread-and-cake,frozen-foods",0.552496799,1.201057421
851,laundry-needs,"biscuits,bread-and-cake",0.540973111,1.201989248
1056,laundry-needs,"bread-and-cake,tissues-paper-prd",0.539052497,1.404877099
1174,laundry-needs,"fruit,vegetables",0.538412292,1.12854339
235,laundry-needs,breakfast-food,0.512804097,1.274708089
522,laundry-needs,pet-foods,0.510883483,1.2658527
1054,laundry-needs,"bread-and-cake,margarine",0.508322663,1.28427124
196,margarine,bread-and-cake,0.800262238,1.112049598
56,margarine,baking-needs,0.718968531,1.189963659
547,margarine,vegetables,0.693618881,1.083647735
527,margarine,milk-cream,0.67701049,1.065980437
437,margarine,fruit,0.672202797,1.050189173
401,margarine,frozen-foods,0.669143357,1.13971177
140,margarine,biscuits,0.652534965,1.159226862
488,margarine,juice-sat-cord-ms,0.59527972,1.118506899
710,margarine,"baking-needs,bread-and-cake",0.593531469,1.253161375
545,margarine,tissues-paper-prd,0.589597902,1.214372171
1064,margarine,"bread-and-cake,vegetables",0.577797203,1.16313745
1013,margarine,"bread-and-cake,fruit",0.568618881,1.131854967
1058,margarine,"bread-and-cake,milk-cream",0.567744755,1.124309605
538,margarine,sauces-gravy-pkle,0.551136364,1.158362934
852,margarine,"biscuits,bread-and-cake",0.546765734,1.214859888
985,margarine,"bread-and-cake,frozen-foods",0.545891608,1.186698581
529,margarine,party-snack-foods,0.539772727,1.072129084
1175,margarine,"fruit,vegetables",0.531031469,1.113072756
792,margarine,"baking-needs,vegetables",0.516171329,1.225145493
284,margarine,cheese,0.510926573,1.258544371
765,margarine,"baking-needs,frozen-foods",0.509178322,1.283628837
198,milk-cream,bread-and-cake,0.795098707,1.104874322
439,milk-cream,fruit,0.693328795,1.083194531
570,milk-cream,vegetables,0.689244384,1.076813414
58,milk-cream,baking-needs,0.649081007,1.07429293
403,milk-cream,frozen-foods,0.621170865,1.0580031
142,milk-cream,biscuits,0.601089176,1.067833537
1014,milk-cream,"bread-and-cake,fruit",0.572838666,1.14025459
1083,milk-cream,"bread-and-cake,vegetables",0.564329476,1.136026177
490,milk-cream,juice-sat-cord-ms,0.556841389,1.046282804
711,milk-cream,"baking-needs,bread-and-cake",0.537780803,1.13545139
1183,milk-cream,"fruit,vegetables",0.534717495,1.120798881
526,milk-cream,margarine,0.527229408,1.065980437
550,milk-cream,party-snack-foods,0.524166099,1.04113026
986,milk-cream,"bread-and-cake,frozen-foods",0.515656909,1.12097221
568,milk-cream,tissues-paper-prd,0.514976174,1.060676662
560,milk-cream,sauces-gravy-pkle,0.506126617,1.063762712
853,milk-cream,"biscuits,bread-and-cake",0.505105514,1.12229496
200,party-snack-foods,bread-and-cake,0.775869472,1.078153252
144,party-snack-foods,biscuits,0.683125805,1.213571419
441,party-snack-foods,fruit,0.683125805,1.067254297
405,party-snack-foods,frozen-foods,0.678832117,1.156214055
590,party-snack-foods,vegetables,0.669386003,1.045788466
549,party-snack-foods,milk-cream,0.661227995,1.04113026
60,party-snack-foods,baking-needs,0.656934307,1.087290913
492,party-snack-foods,juice-sat-cord-ms,0.635895234,1.194821833
1017,party-snack-foods,"bread-and-cake,fruit",0.566766853,1.128168443
581,party-snack-foods,sauces-gravy-pkle,0.563331902,1.183995175
855,party-snack-foods,"biscuits,bread-and-cake",0.56032632,1.244990181
588,party-snack-foods,tissues-paper-prd,0.557750107,1.14877649
988,party-snack-foods,"bread-and-cake,frozen-foods",0.550450837,1.196609762
1066,party-snack-foods,"bread-and-cake,milk-cream",0.547015887,1.083260056
1088,party-snack-foods,"bread-and-cake,vegetables",0.546586518,1.10030863
713,party-snack-foods,"baking-needs,bread-and-cake",0.53842851,1.136818935
528,party-snack-foods,margarine,0.530270502,1.072129084
1185,party-snack-foods,"fruit,vegetables",0.519536282,1.088978178
1046,party-snack-foods,"bread-and-cake,juice-sat-cord-ms",0.506655217,1.254703979
887,party-snack-foods,"biscuits,frozen-foods",0.50536711,1.292331815
202,pet-food,bread-and-cake,0.802631579,1.11534205
551,pet-food,milk-cream,0.697368421,1.098034825
595,pet-food,vegetables,0.695488722,1.086569006
62,pet-food,baking-needs,0.678571429,1.123102479
407,pet-food,frozen-foods,0.678571429,1.15577004
592,pet-food,pet-foods,0.672932331,1.66737277
443,pet-food,fruit,0.663533835,1.036645565
146,pet-food,biscuits,0.661654135,1.175427047
594,pet-food,tissues-paper-prd,0.612781955,1.262123474
494,pet-food,juice-sat-cord-ms,0.593984962,1.116074101
1067,pet-food,"bread-and-cake,milk-cream",0.590225564,1.168828535
1092,pet-food,"bread-and-cake,vegetables",0.590225564,1.188156422
572,pet-food,party-snack-foods,0.582706767,1.157407258
989,pet-food,"bread-and-cake,frozen-foods",0.578947368,1.258557578
714,pet-food,"baking-needs,bread-and-cake",0.573308271,1.21046283
530,pet-food,margarine,0.567669173,1.147743704
1018,pet-food,"bread-and-cake,fruit",0.565789474,1.126222937
1090,pet-food,"bread-and-cake,pet-foods",0.565789474,1.75660544
857,pet-food,"biscuits,bread-and-cake",0.546992481,1.215363697
593,pet-food,sauces-gravy-pkle,0.545112782,1.145702739
1186,pet-food,"fruit,vegetables",0.530075188,1.111068337
766,pet-food,"baking-needs,frozen-foods",0.515037594,1.298399951
888,pet-food,"biscuits,frozen-foods",0.513157895,1.312254517
1091,pet-food,"bread-and-cake,tissues-paper-prd",0.513157895,1.33739066
1156,pet-food,"frozen-foods,vegetables",0.509398496,1.252113413
239,pet-food,breakfast-food,0.501879699,1.247552654
794,pet-food,"baking-needs,milk-cream",0.5,1.212899843
1047,pet-food,"bread-and-cake,juice-sat-cord-ms",0.5,1.238222698
203,pet-foods,bread-and-cake,0.798071773,1.109005714
600,pet-foods,vegetables,0.712372791,1.112947156
444,pet-foods,fruit,0.696304231,1.087843085
552,pet-foods,milk-cream,0.688269952,1.083708917
63,pet-foods,baking-needs,0.674343867,1.116105449
408,pet-foods,frozen-foods,0.663631494,1.130323746
147,pet-foods,biscuits,0.634708088,1.127557456
599,pet-foods,tissues-paper-prd,0.599892876,1.235576334
1093,pet-foods,"bread-and-cake,vegetables",0.591322978,1.190365577
495,pet-foods,juice-sat-cord-ms,0.589180503,1.107046714
1019,pet-foods,"bread-and-cake,fruit",0.585431173,1.165320399
573,pet-foods,party-snack-foods,0.580610605,1.153243735
1068,pet-foods,"bread-and-cake,milk-cream",0.579003749,1.146605884
531,pet-foods,margarine,0.575790037,1.164162899
715,pet-foods,"baking-needs,bread-and-cake",0.55918586,1.18064527
1187,pet-foods,"fruit,vegetables",0.555972148,1.165349867
990,pet-foods,"bread-and-cake,frozen-foods",0.553294055,1.202790553
597,pet-foods,sauces-gravy-pkle,0.550615961,1.157269167
858,pet-foods,"biscuits,bread-and-cake",0.535083021,1.188902044
1203,pet-foods,"milk-cream,vegetables",0.510980182,1.167305838
800,pet-foods,"baking-needs,vegetables",0.506159614,1.20138244
1176,pet-foods,"fruit,milk-cream",0.506159614,1.149481775
1157,pet-foods,"frozen-foods,vegetables",0.502410284,1.234936224
204,pkt-canned-soup,bread-and-cake,0.781456954,1.085917653
64,pkt-canned-soup,baking-needs,0.774834437,1.282427229
553,pkt-canned-soup,milk-cream,0.72406181,1.140064647
603,pkt-canned-soup,vegetables,0.671081678,1.048437636
409,pkt-canned-soup,frozen-foods,0.668874172,1.139253284
445,pkt-canned-soup,fruit,0.655629139,1.02429598
148,pkt-canned-soup,biscuits,0.651214128,1.156880398
532,pkt-canned-soup,margarine,0.620309051,1.254173806
716,pkt-canned-soup,"baking-needs,bread-and-cake",0.611479029,1.29105522
601,pkt-canned-soup,sauces-gravy-pkle,0.604856512,1.271270434
1069,pkt-canned-soup,"bread-and-cake,milk-cream",0.600441501,1.18905924
602,pkt-canned-soup,tissues-paper-prd,0.589403974,1.213972743
574,pkt-canned-soup,party-snack-foods,0.578366446,1.148786251
795,pkt-canned-soup,"baking-needs,milk-cream",0.578366446,1.403001143
496,pkt-canned-soup,juice-sat-cord-ms,0.556291391,1.04524938
991,pkt-canned-soup,"bread-and-cake,frozen-foods",0.556291391,1.209306379
1020,pkt-canned-soup,"bread-and-cake,fruit",0.55187638,1.098528456
859,pkt-canned-soup,"biscuits,bread-and-cake",0.547461369,1.216405519
1094,pkt-canned-soup,"bread-and-cake,vegetables",0.547461369,1.102069753
767,pkt-canned-soup,"baking-needs,frozen-foods",0.545253863,1.374574589
801,pkt-canned-soup,"baking-needs,vegetables",0.527593819,1.252257058
682,pkt-canned-soup,"baking-needs,biscuits",0.523178808,1.372009731
775,pkt-canned-soup,"baking-needs,fruit",0.523178808,1.273802719
274,pkt-canned-soup,canned-vegetables,0.518763797,1.521750998
1059,pkt-canned-soup,"bread-and-cake,margarine",0.516556291,1.305073405
1188,pkt-canned-soup,"fruit,vegetables",0.516556291,1.082731946
288,pkt-canned-soup,cheese,0.514348786,1.266974166
205,pork,bread-and-cake,0.762318841,1.059323207
604,pork,vegetables,0.736231884,1.150222457
65,pork,baking-needs,0.710144928,1.175359726
446,pork,fruit,0.689855072,1.077767499
410,pork,frozen-foods,0.675362319,1.150304156
607,potatoes,vegetables,0.858310627,1.340947301
206,potatoes,bread-and-cake,0.832425068,1.156743276
447,potatoes,fruit,0.747956403,1.168539791
554,potatoes,milk-cream,0.723433243,1.139074942
1095,potatoes,"bread-and-cake,vegetables",0.716621253,1.442597876
66,potatoes,baking-needs,0.686648501,1.136470829
411,potatoes,frozen-foods,0.667574932,1.137040366
1189,potatoes,"fruit,vegetables",0.663487738,1.39070878
1021,potatoes,"bread-and-cake,fruit",0.640326975,1.274592336
149,potatoes,biscuits,0.626702997,1.113336431
1204,potatoes,"milk-cream,vegetables",0.626702997,1.43166818
1070,potatoes,"bread-and-cake,milk-cream",0.61852861,1.224877291
802,potatoes,"baking-needs,vegetables",0.603542234,1.432522512
533,potatoes,margarine,0.599455041,1.212010061
717,potatoes,"baking-needs,bread-and-cake",0.585831063,1.23690301
992,potatoes,"bread-and-cake,frozen-foods",0.577656676,1.255751777
1158,potatoes,"frozen-foods,vegetables",0.576294278,1.416544809
605,potatoes,sauces-gravy-pkle,0.57493188,1.208375683
606,potatoes,tissues-paper-prd,0.57493188,1.184165128
497,potatoes,juice-sat-cord-ms,0.573569482,1.077714226
575,potatoes,party-snack-foods,0.569482289,1.131140003
1217,potatoes,"bread-and-cake,fruit,vegetables",0.565395095,1.460367231
1177,potatoes,"fruit,milk-cream",0.561307902,1.274722805
860,potatoes,"biscuits,bread-and-cake",0.551771117,1.225981358
900,potatoes,"biscuits,vegetables",0.540871935,1.418409053
1221,potatoes,"bread-and-cake,milk-cream,vegetables",0.538147139,1.501488941
1202,potatoes,"margarine,vegetables",0.525885559,1.532921609
776,potatoes,"baking-needs,fruit",0.524523161,1.277075864
796,potatoes,"baking-needs,milk-cream",0.521798365,1.26577831
1060,potatoes,"bread-and-cake,margarine",0.519073569,1.311433278
1213,potatoes,"baking-needs,bread-and-cake,vegetables",0.519073569,1.514019125
1146,potatoes,"frozen-foods,fruit",0.51226158,1.274044124
1211,potatoes,"sauces-gravy-pkle,vegetables",0.510899183,1.516957393
1212,potatoes,"tissues-paper-prd,vegetables",0.505449591,1.499813861
1210,potatoes,"party-snack-foods,vegetables",0.504087193,1.495771236
1216,potatoes,"bread-and-cake,frozen-foods,vegetables",0.502724796,1.50232875
93,potatoes,beef,0.501362398,1.333698938
1200,potatoes,"juice-sat-cord-ms,vegetables",0.5,1.395054282
207,poultry,bread-and-cake,0.788903924,1.096266012
610,poultry,vegetables,0.738836265,1.154291308
448,poultry,fruit,0.732070365,1.143720875
555,poultry,milk-cream,0.702300406,1.105800435
412,poultry,frozen-foods,0.669824087,1.140871217
67,poultry,baking-needs,0.661705007,1.095186891
150,poultry,biscuits,0.617050068,1.096188023
1022,poultry,"bread-and-cake,fruit",0.607577808,1.209404019
1096,poultry,"bread-and-cake,vegetables",0.606224628,1.220363415
608,poultry,sauces-gravy-pkle,0.598105548,1.257081447
1190,poultry,"fruit,vegetables",0.592692828,1.242318542
1071,poultry,"bread-and-cake,milk-cream",0.583220568,1.154956485
498,poultry,juice-sat-cord-ms,0.580514208,1.09076309
576,poultry,party-snack-foods,0.565629229,1.123486823
534,poultry,margarine,0.560216509,1.132675511
609,poultry,tissues-paper-prd,0.560216509,1.153856442
718,poultry,"baking-needs,bread-and-cake",0.560216509,1.182821346
993,poultry,"bread-and-cake,frozen-foods",0.553450609,1.203130882
1205,poultry,"milk-cream,vegetables",0.534506089,1.221049466
94,poultry,beef,0.533152909,1.418266451
1178,poultry,"fruit,milk-cream",0.529093369,1.201564029
1147,poultry,"frozen-foods,fruit",0.52097429,1.295713475
861,poultry,"biscuits,bread-and-cake",0.51691475,1.148533925
1159,poultry,"frozen-foods,vegetables",0.51691475,1.27058854
803,poultry,"baking-needs,vegetables",0.50879567,1.207639183
777,poultry,"baking-needs,fruit",0.50202977,1.222310377
1218,poultry,"bread-and-cake,fruit,vegetables",0.50202977,1.296700009
208,prepared-meals,bread-and-cake,0.79779701,1.108623902
413,prepared-meals,frozen-foods,0.731707317,1.246273214
68,prepared-meals,baking-needs,0.707317073,1.170679349
613,prepared-meals,vegetables,0.686073958,1.071860225
449,prepared-meals,fruit,0.673485445,1.052193065
151,prepared-meals,biscuits,0.661683714,1.175479593
556,prepared-meals,milk-cream,0.659323367,1.038131347
499,prepared-meals,juice-sat-cord-ms,0.64516129,1.212232384
577,prepared-meals,party-snack-foods,0.644374508,1.279895438
611,prepared-meals,sauces-gravy-pkle,0.638080252,1.341099157
612,prepared-meals,tissues-paper-prd,0.612116444,1.260752747
994,prepared-meals,"bread-and-cake,frozen-foods",0.601101495,1.306717817
535,prepared-meals,margarine,0.596380803,1.205794402
719,prepared-meals,"baking-needs,bread-and-cake",0.585365854,1.235920785
1099,prepared-meals,"bread-and-cake,vegetables",0.569630212,1.146696851
1023,prepared-meals,"bread-and-cake,fruit",0.56884343,1.13230194
240,prepared-meals,breakfast-food,0.559402046,1.390539421
1072,prepared-meals,"bread-and-cake,milk-cream",0.553107789,1.095323901
768,prepared-meals,"baking-needs,frozen-foods",0.549173879,1.384456874
862,prepared-meals,"biscuits,bread-and-cake",0.546813533,1.214966091
289,prepared-meals,cheese,0.538945712,1.32756276
889,prepared-meals,"biscuits,frozen-foods",0.535011802,1.368139632
1085,prepared-meals,"bread-and-cake,party-snack-foods",0.529504327,1.35555452
1048,prepared-meals,"bread-and-cake,juice-sat-cord-ms",0.527930763,1.307391708
1097,prepared-meals,"bread-and-cake,sauces-gravy-pkle",0.527930763,1.428191644
1191,prepared-meals,"fruit,vegetables",0.525570417,1.101626076
1161,prepared-meals,"frozen-foods,vegetables",0.516915814,1.270591157
596,prepared-meals,pet-foods,0.512981904,1.271052109
1155,prepared-meals,"frozen-foods,party-snack-foods",0.510621558,1.49407674
1098,prepared-meals,"bread-and-cake,tissues-paper-prd",0.508261212,1.324628938
1148,prepared-meals,"frozen-foods,fruit",0.50747443,1.262138017
804,prepared-meals,"baking-needs,vegetables",0.506687648,1.20263574
1160,prepared-meals,"frozen-foods,sauces-gravy-pkle",0.505900865,1.563324919
209,puddings-deserts,bread-and-cake,0.802030457,1.114506727
69,puddings-deserts,baking-needs,0.757614213,1.253926064
616,puddings-deserts,vegetables,0.725888325,1.134062611
450,puddings-deserts,fruit,0.717005076,1.120184222
414,puddings-deserts,frozen-foods,0.709390863,1.208262935
557,puddings-deserts,milk-cream,0.686548223,1.080997985
152,puddings-deserts,biscuits,0.685279188,1.217396898
500,puddings-deserts,juice-sat-cord-ms,0.634517766,1.192233626
720,puddings-deserts,"baking-needs,bread-and-cake",0.631979695,1.334339603
614,puddings-deserts,sauces-gravy-pkle,0.626903553,1.317608286
578,puddings-deserts,party-snack-foods,0.606598985,1.204863419
615,puddings-deserts,tissues-paper-prd,0.602791878,1.241547297
995,puddings-deserts,"bread-and-cake,frozen-foods",0.601522843,1.307633774
1102,puddings-deserts,"bread-and-cake,vegetables",0.601522843,1.210898464
536,puddings-deserts,margarine,0.600253807,1.213625049
1024,puddings-deserts,"bread-and-cake,fruit",0.600253807,1.194825349
1192,puddings-deserts,"fruit,vegetables",0.590101523,1.236887016
863,puddings-deserts,"biscuits,bread-and-cake",0.573604061,1.27449202
1073,puddings-deserts,"bread-and-cake,milk-cream",0.568527919,1.12586051
769,puddings-deserts,"baking-needs,frozen-foods",0.564720812,1.423650396
805,puddings-deserts,"baking-needs,vegetables",0.55964467,1.328330551
241,puddings-deserts,breakfast-food,0.552030457,1.372215418
778,puddings-deserts,"baking-needs,fruit",0.545685279,1.328600053
683,puddings-deserts,"baking-needs,biscuits",0.544416244,1.427703823
890,puddings-deserts,"biscuits,frozen-foods",0.539340102,1.379208021
1162,puddings-deserts,"frozen-foods,vegetables",0.526649746,1.294517389
1100,puddings-deserts,"bread-and-cake,sauces-gravy-pkle",0.524111675,1.417860005
1179,puddings-deserts,"fruit,milk-cream",0.524111675,1.190250667
1049,puddings-deserts,"bread-and-cake,juice-sat-cord-ms",0.520304569,1.288505853
797,puddings-deserts,"baking-needs,milk-cream",0.519035533,1.259076233
1101,puddings-deserts,"bread-and-cake,tissues-paper-prd",0.519035533,1.352708944
1149,puddings-deserts,"frozen-foods,fruit",0.517766497,1.287735386
1153,puddings-deserts,"frozen-foods,milk-cream",0.517766497,1.312431681
896,puddings-deserts,"biscuits,fruit",0.516497462,1.301371056
1206,puddings-deserts,"milk-cream,vegetables",0.513959391,1.174111675
290,puddings-deserts,cheese,0.512690355,1.262889022
790,puddings-deserts,"baking-needs,margarine",0.510152284,1.434628855
901,puddings-deserts,"biscuits,vegetables",0.508883249,1.334520356
1061,puddings-deserts,"bread-and-cake,margarine",0.508883249,1.285687553
1086,puddings-deserts,"bread-and-cake,party-snack-foods",0.505076142,1.293017285
788,puddings-deserts,"baking-needs,juice-sat-cord-ms",0.501269036,1.432285706
1219,puddings-deserts,"bread-and-cake,fruit,vegetables",0.5,1.291457286
210,sanitary-pads,bread-and-cake,0.788461538,1.09565127
70,sanitary-pads,baking-needs,0.706730769,1.169708958
153,sanitary-pads,biscuits,0.680288462,1.208530884
558,sanitary-pads,milk-cream,0.680288462,1.071141737
619,sanitary-pads,vegetables,0.677884615,1.059065934
415,sanitary-pads,frozen-foods,0.668269231,1.138222924
451,sanitary-pads,fruit,0.668269231,1.044043722
579,sanitary-pads,party-snack-foods,0.665865385,1.32258191
618,sanitary-pads,tissues-paper-prd,0.663461538,1.366506268
501,sanitary-pads,juice-sat-cord-ms,0.661057692,1.24210109
617,sanitary-pads,sauces-gravy-pkle,0.605769231,1.27318876
721,sanitary-pads,"baking-needs,bread-and-cake",0.581730769,1.228245796
1074,sanitary-pads,"bread-and-cake,milk-cream",0.581730769,1.152006224
864,sanitary-pads,"biscuits,bread-and-cake",0.574519231,1.276525438
1103,sanitary-pads,"bread-and-cake,tissues-paper-prd",0.569711538,1.484780607
996,sanitary-pads,"bread-and-cake,frozen-foods",0.564903846,1.228028756
1104,sanitary-pads,"bread-and-cake,vegetables",0.560096154,1.127504268
211,sauces-gravy-pkle,bread-and-cake,0.776919582,1.079612492
629,sauces-gravy-pkle,vegetables,0.707860064,1.105896877
71,sauces-gravy-pkle,baking-needs,0.691049523,1.143754953
416,sauces-gravy-pkle,frozen-foods,0.680145388,1.158450872
452,sauces-gravy-pkle,fruit,0.676965016,1.057629235
559,sauces-gravy-pkle,milk-cream,0.675601999,1.063762712
154,sauces-gravy-pkle,biscuits,0.638800545,1.134827697
502,sauces-gravy-pkle,juice-sat-cord-ms,0.601544752,1.130278645
580,sauces-gravy-pkle,party-snack-foods,0.596092685,1.183995175
627,sauces-gravy-pkle,tissues-paper-prd,0.586097229,1.207161968
1106,sauces-gravy-pkle,"bread-and-cake,vegetables",0.576101772,1.159724455
537,sauces-gravy-pkle,margarine,0.572921399,1.158362934
1025,sauces-gravy-pkle,"bread-and-cake,fruit",0.557019537,1.108766083
722,sauces-gravy-pkle,"baking-needs,bread-and-cake",0.55565652,1.173193547
1075,sauces-gravy-pkle,"bread-and-cake,milk-cream",0.552476147,1.094073055
997,sauces-gravy-pkle,"bread-and-cake,frozen-foods",0.551567469,1.199037177
1193,sauces-gravy-pkle,"fruit,vegetables",0.539300318,1.130404745
865,sauces-gravy-pkle,"biscuits,bread-and-cake",0.5215811,1.158902097
806,sauces-gravy-pkle,"baking-needs,vegetables",0.507496592,1.204555791
1163,sauces-gravy-pkle,"frozen-foods,vegetables",0.501135847,1.231803629
213,small-goods,bread-and-cake,0.835125448,1.160495741
632,small-goods,vegetables,0.73655914,1.150733732
454,small-goods,fruit,0.710573477,1.11013607
73,small-goods,baking-needs,0.698028674,1.155306134
561,small-goods,milk-cream,0.694444444,1.093430905
418,small-goods,frozen-foods,0.683691756,1.164491187
156,small-goods,biscuits,0.668458781,1.187515485
1107,small-goods,"bread-and-cake,vegetables",0.627240143,1.2626688
1026,small-goods,"bread-and-cake,fruit",0.608422939,1.211086281
723,small-goods,"baking-needs,bread-and-cake",0.60483871,1.277035085
582,small-goods,party-snack-foods,0.603046595,1.197807449
1076,small-goods,"bread-and-cake,milk-cream",0.60125448,1.190669189
998,small-goods,"bread-and-cake,frozen-foods",0.598566308,1.301206646
539,small-goods,margarine,0.597670251,1.208401478
504,small-goods,juice-sat-cord-ms,0.591397849,1.111213019
1194,small-goods,"fruit,vegetables",0.591397849,1.239604192
620,small-goods,sauces-gravy-pkle,0.586021505,1.231683546
866,small-goods,"biscuits,bread-and-cake",0.585125448,1.300091413
631,small-goods,tissues-paper-prd,0.568100358,1.170094505
807,small-goods,"baking-needs,vegetables",0.540322581,1.282469091
1164,small-goods,"frozen-foods,vegetables",0.531362007,1.306100237
1207,small-goods,"milk-cream,vegetables",0.525985663,1.201585026
1062,small-goods,"bread-and-cake,margarine",0.523297491,1.322104966
1087,small-goods,"bread-and-cake,party-snack-foods",0.521505376,1.335076852
897,small-goods,"biscuits,fruit",0.512544803,1.291411905
770,small-goods,"baking-needs,frozen-foods",0.510752688,1.287597785
1105,small-goods,"bread-and-cake,sauces-gravy-pkle",0.508064516,1.374448217
1220,small-goods,"bread-and-cake,fruit,vegetables",0.508064516,1.312287243
891,small-goods,"biscuits,frozen-foods",0.507168459,1.296938248
798,small-goods,"baking-needs,milk-cream",0.505376344,1.225941776
1180,small-goods,"fruit,milk-cream",0.505376344,1.147702979
779,small-goods,"baking-needs,fruit",0.504480287,1.22827674
1050,small-goods,"bread-and-cake,juice-sat-cord-ms",0.504480287,1.249317884
1150,small-goods,"frozen-foods,fruit",0.503584229,1.252462712
292,small-goods,cheese,0.501792115,1.236043835
902,small-goods,"biscuits,vegetables",0.5,1.31122449
214,small-goods2,bread-and-cake,0.782744283,1.087706534
634,small-goods2,vegetables,0.712058212,1.112455687
419,small-goods2,frozen-foods,0.706860707,1.203953472
562,small-goods2,milk-cream,0.694386694,1.093339976
455,small-goods2,fruit,0.674636175,1.053990863
74,small-goods2,baking-needs,0.673596674,1.11486877
157,small-goods2,biscuits,0.659043659,1.170789542
1108,small-goods2,"bread-and-cake,vegetables",0.589397089,1.186488658
540,small-goods2,margarine,0.586278586,1.185369205
96,small-goods2,beef,0.585239085,1.556823467
505,small-goods2,juice-sat-cord-ms,0.575883576,1.082062316
583,small-goods2,party-snack-foods,0.574844075,1.141789906
999,small-goods2,"bread-and-cake,frozen-foods",0.572765073,1.245118058
1077,small-goods2,"bread-and-cake,milk-cream",0.571725572,1.132192849
621,small-goods2,sauces-gravy-pkle,0.56964657,1.197267165
1027,small-goods2,"bread-and-cake,fruit",0.56964657,1.133900616
724,small-goods2,"baking-needs,bread-and-cake",0.56029106,1.182978752
633,small-goods2,tissues-paper-prd,0.551975052,1.13688183
1195,small-goods2,"fruit,vegetables",0.542619543,1.137362032
867,small-goods2,"biscuits,bread-and-cake",0.53950104,1.198718448
771,small-goods2,"baking-needs,frozen-foods",0.520790021,1.312901709
1165,small-goods2,"frozen-foods,vegetables",0.51975052,1.277558929
892,small-goods2,"biscuits,frozen-foods",0.517671518,1.323796816
1208,small-goods2,"milk-cream,vegetables",0.514553015,1.175467775
808,small-goods2,"baking-needs,vegetables",0.51039501,1.211435258
1154,small-goods2,"frozen-foods,milk-cream",0.505197505,1.280571868
598,small-goods2,pet-foods,0.502079002,1.244037206
215,soft-drinks,bread-and-cake,0.756756757,1.051594099
563,soft-drinks,milk-cream,0.674615792,1.062209889
456,soft-drinks,fruit,0.671966084,1.049819353
420,soft-drinks,frozen-foods,0.669846317,1.14090908
636,soft-drinks,vegetables,0.647588765,1.011734423
75,soft-drinks,baking-needs,0.634340223,1.049895481
158,soft-drinks,biscuits,0.631690514,1.122196743
584,soft-drinks,party-snack-foods,0.615262321,1.22207106
506,soft-drinks,juice-sat-cord-ms,0.606783254,1.140121581
1078,soft-drinks,"bread-and-cake,milk-cream",0.547959724,1.085129146
1028,soft-drinks,"bread-and-cake,fruit",0.544250132,1.083348155
1000,soft-drinks,"bread-and-cake,frozen-foods",0.53736089,1.16815389
635,soft-drinks,tissues-paper-prd,0.535771065,1.1035071
541,soft-drinks,margarine,0.529411765,1.070392842
622,soft-drinks,sauces-gravy-pkle,0.525172231,1.103792249
1109,soft-drinks,"bread-and-cake,vegetables",0.516693164,1.040131669
868,soft-drinks,"biscuits,bread-and-cake",0.512983572,1.139799233
725,soft-drinks,"baking-needs,bread-and-cake",0.505034446,1.066311889
216,spices,bread-and-cake,0.782729805,1.087686416
76,spices,baking-needs,0.777158774,1.286274236
637,spices,vegetables,0.732590529,1.144533532
623,spices,sauces-gravy-pkle,0.704735376,1.481193026
564,spices,milk-cream,0.660167131,1.039459887
457,spices,fruit,0.6545961,1.022682053
421,spices,frozen-foods,0.651810585,1.110189899
217,stationary,bread-and-cake,0.770761839,1.071055653
458,stationary,fruit,0.687714482,1.074423233
565,stationary,milk-cream,0.678792038,1.068785558
639,stationary,vegetables,0.663006177,1.035821201
77,stationary,baking-needs,0.632120796,1.046222112
159,stationary,biscuits,0.614962251,1.092479022
422,stationary,frozen-foods,0.611530542,1.041583317
1029,stationary,"bread-and-cake,fruit",0.552505148,1.09978004
1079,stationary,"bread-and-cake,milk-cream",0.552505148,1.094130485
585,stationary,party-snack-foods,0.54975978,1.09196597
638,stationary,tissues-paper-prd,0.549073439,1.130905488
1110,stationary,"bread-and-cake,vegetables",0.540837337,1.088735214
507,stationary,juice-sat-cord-ms,0.533287577,1.00202613
1196,stationary,"fruit,vegetables",0.519560741,1.089029447
726,stationary,"baking-needs,bread-and-cake",0.518874399,1.095533077
542,stationary,margarine,0.51544269,1.042149426
624,stationary,sauces-gravy-pkle,0.509951956,1.071802703
869,stationary,"biscuits,bread-and-cake",0.505147563,1.12238839
1001,stationary,"bread-and-cake,frozen-foods",0.501029513,1.089174119
218,tea,bread-and-cake,0.791294643,1.09958817
78,tea,baking-needs,0.739955357,1.22469892
641,tea,vegetables,0.703125,1.09849924
160,tea,biscuits,0.699776786,1.243151847
459,tea,fruit,0.6953125,1.086293693
423,tea,frozen-foods,0.674107143,1.14816629
566,tea,milk-cream,0.662946429,1.043836004
543,tea,margarine,0.651785714,1.317814998
640,tea,tissues-paper-prd,0.641741071,1.321769455
727,tea,"baking-needs,bread-and-cake",0.606026786,1.279543547
1112,tea,"bread-and-cake,vegetables",0.591517857,1.19075788
1030,tea,"bread-and-cake,fruit",0.590401786,1.17521457
870,tea,"biscuits,bread-and-cake",0.5859375,1.301895713
625,tea,sauces-gravy-pkle,0.577008929,1.212741165
508,tea,juice-sat-cord-ms,0.573660714,1.077885648
1002,tea,"bread-and-cake,frozen-foods",0.569196429,1.237360281
1080,tea,"bread-and-cake,milk-cream",0.559151786,1.107292877
1197,tea,"fruit,vegetables",0.5546875,1.16265717
810,tea,"baking-needs,vegetables",0.542410714,1.287425328
1063,tea,"bread-and-cake,margarine",0.534598214,1.350656111
780,tea,"baking-needs,fruit",0.533482143,1.298888628
684,tea,"baking-needs,biscuits",0.53125,1.39317602
772,tea,"baking-needs,frozen-foods",0.527901786,1.330830333
893,tea,"biscuits,frozen-foods",0.526785714,1.347103767
586,tea,party-snack-foods,0.5234375,1.039683072
1111,tea,"bread-and-cake,tissues-paper-prd",0.522321429,1.361272636
791,tea,"baking-needs,margarine",0.518973214,1.459434705
898,tea,"biscuits,fruit",0.516741071,1.301984856
903,tea,"biscuits,vegetables",0.511160714,1.340492894
1166,tea,"frozen-foods,vegetables",0.502232143,1.234498349
809,tea,"baking-needs,tissues-paper-prd",0.5,1.470438652
219,tissues-paper-prd,bread-and-cake,0.790293856,1.09819747
79,tissues-paper-prd,baking-needs,0.700356189,1.1591584
460,tissues-paper-prd,fruit,0.697239537,1.089304322
643,tissues-paper-prd,vegetables,0.694122885,1.084435146
567,tissues-paper-prd,milk-cream,0.67364203,1.060676662
424,tissues-paper-prd,frozen-foods,0.669634907,1.140548998
161,tissues-paper-prd,biscuits,0.646482636,1.148474913
509,tissues-paper-prd,juice-sat-cord-ms,0.602404274,1.131893653
544,tissues-paper-prd,margarine,0.60062333,1.214372171
587,tissues-paper-prd,party-snack-foods,0.578361532,1.14877649
1031,tissues-paper-prd,"bread-and-cake,fruit",0.577025824,1.148589269
728,tissues-paper-prd,"baking-needs,bread-and-cake",0.576135352,1.216431829
1113,tissues-paper-prd,"bread-and-cake,vegetables",0.575690116,1.158895768
626,tissues-paper-prd,sauces-gravy-pkle,0.574354408,1.207161968
1081,tissues-paper-prd,"bread-and-cake,milk-cream",0.567230632,1.123291483
1003,tissues-paper-prd,"bread-and-cake,frozen-foods",0.551202137,1.198242992
1198,tissues-paper-prd,"fruit,vegetables",0.544968833,1.142286282
871,tissues-paper-prd,"biscuits,bread-and-cake",0.537845058,1.195039019
811,tissues-paper-prd,"baking-needs,vegetables",0.507123776,1.203670901
1181,tissues-paper-prd,"fruit,milk-cream",0.500445236,1.136504498
221,variety-misc,bread-and-cake,0.736677116,1.0236913
222,vegetables,bread-and-cake,0.776089159,1.078458531
462,vegetables,fruit,0.745356299,1.164477621
569,vegetables,milk-cream,0.683890578,1.076813414
81,vegetables,baking-needs,0.658223573,1.089424776
426,vegetables,frozen-foods,0.635596082,1.082572709
1032,vegetables,"bread-and-cake,fruit",0.604863222,1.204000544
163,vegetables,biscuits,0.595744681,1.058339053
511,vegetables,juice-sat-cord-ms,0.559945964,1.052116178
1082,vegetables,"bread-and-cake,milk-cream",0.559945964,1.108865595
546,vegetables,margarine,0.535967579,1.083647735
729,vegetables,"baking-needs,bread-and-cake",0.535629855,1.130909954
1182,vegetables,"fruit,milk-cream",0.530563999,1.204903808
589,vegetables,party-snack-foods,0.526511314,1.045788466
642,vegetables,tissues-paper-prd,0.526511314,1.084435146
628,vegetables,sauces-gravy-pkle,0.52617359,1.105896877
1004,vegetables,"bread-and-cake,frozen-foods",0.522796353,1.136492447
781,vegetables,"baking-needs,fruit",0.502870652,1.224357703
872,vegetables,"biscuits,bread-and-cake",0.502195204,1.115828538
224,wrapping,bread-and-cake,0.785179641,1.091090723
83,wrapping,baking-needs,0.729790419,1.207874948
645,wrapping,vegetables,0.707335329,1.10507708
464,wrapping,fruit,0.695359281,1.08636678
428,wrapping,frozen-foods,0.69011976,1.175439621
165,wrapping,biscuits,0.682634731,1.212699026
571,wrapping,milk-cream,0.678143713,1.067764743
644,wrapping,tissues-paper-prd,0.651946108,1.342788377
591,wrapping,party-snack-foods,0.622005988,1.235465737
548,wrapping,margarine,0.619760479,1.253064675
513,wrapping,juice-sat-cord-ms,0.619011976,1.163098863
630,wrapping,sauces-gravy-pkle,0.604790419,1.271131522
731,wrapping,"baking-needs,bread-and-cake",0.592814371,1.251647322
1115,wrapping,"bread-and-cake,vegetables",0.583832335,1.175286503
1035,wrapping,"bread-and-cake,fruit",0.573353293,1.141278974
1006,wrapping,"bread-and-cake,frozen-foods",0.567365269,1.233379575
874,wrapping,"biscuits,bread-and-cake",0.56511976,1.255640736
1084,wrapping,"bread-and-cake,milk-cream",0.563622754,1.116146773
1199,wrapping,"fruit,vegetables",0.550898204,1.154714585
813,wrapping,"baking-needs,vegetables",0.539670659,1.280921738
773,wrapping,"baking-needs,frozen-foods",0.534431138,1.347290705
1114,wrapping,"bread-and-cake,tissues-paper-prd",0.533682635,1.390882179
685,wrapping,"baking-needs,biscuits",0.523952096,1.374037639
784,wrapping,"baking-needs,fruit",0.51497006,1.253816577
894,wrapping,"biscuits,frozen-foods",0.51497006,1.316888611
245,wrapping,breakfast-food,0.514221557,1.278231554
1065,wrapping,"bread-and-cake,margarine",0.514221557,1.299174725
799,wrapping,"baking-needs,milk-cream",0.511976048,1.241951336
1089,wrapping,"bread-and-cake,party-snack-foods",0.509730539,1.304932747
1167,wrapping,"frozen-foods,vegetables",0.505239521,1.241890555
812,wrapping,"baking-needs,tissues-paper-prd",0.503742515,1.48144493
1209,wrapping,"milk-cream,vegetables",0.502245509,1.147351963
793,wrapping,"baking-needs,margarine",0.500748503,1.408183936
